category,orders,revenue,revenue_share_pct,revenue_rank
health_beauty,8647,1233131.72,9.33,1
watches_gifts,5495,1166176.98,8.82,2
bed_bath_table,9272,1023434.76,7.74,3
sports_leisure,7530,954852.55,7.22,4
computers_accessories,6530,888724.61,6.72,5
furniture_decor,6307,711927.69,5.38,6
housewares,5743,615628.69,4.66,7
cool_stuff,3559,610204.1,4.62,8
auto,3810,578966.65,4.38,9
toys,3804,471286.48,3.56,10
garden_tools,3448,470495.28,3.56,11
baby,2809,400421.84,3.03,12
perfumery,3086,390144.65,2.95,13
telephony,4093,309860.23,2.34,14
office_furniture,1254,268154.31,2.03,15
