r_score,m_score,customers,avg_recency_days,avg_frequency,avg_monetary
5,5,3742,95.0,1.11,406.4
5,4,3873,94.0,1.04,138.69
5,3,3635,94.0,1.02,88.29
5,2,3666,92.0,1.01,53.73
5,1,3755,93.0,1.0,25.77
4,5,3808,183.0,1.1,410.39
4,4,4018,184.0,1.04,139.47
4,3,3712,182.0,1.02,88.25
4,2,3542,184.0,1.01,53.15
4,1,3591,183.0,1.0,25.68
3,5,3606,268.0,1.1,371.58
3,4,3808,268.0,1.04,140.86
3,3,3868,270.0,1.02,88.23
3,2,3564,268.0,1.01,53.0
3,1,3826,266.0,1.0,25.33
2,5,3764,364.0,1.08,412.33
2,4,3579,364.0,1.04,140.45
2,3,3740,364.0,1.03,88.36
2,2,4022,365.0,1.01,53.56
2,1,3567,363.0,1.0,25.85
1,5,3751,523.0,1.06,402.71
1,4,3393,522.0,1.04,139.16
1,3,3717,519.0,1.02,88.84
1,2,3878,519.0,1.01,53.84
1,1,3933,524.0,1.01,25.34
