customer_state,delivered_orders,avg_delivery_days,late_pct,avg_review_score
RR,41,29.4,12.2,3.9
AP,67,27.2,4.48,4.24
AM,145,26.4,4.14,4.24
AL,397,24.5,23.93,3.85
PA,946,23.8,12.37,3.91
MA,717,21.6,19.67,3.83
SE,335,21.5,15.22,3.91
CE,1279,21.3,15.32,3.94
AC,80,21.0,3.75,4.09
PB,517,20.4,11.03,4.08
PI,476,19.5,15.97,3.99
RO,243,19.4,2.88,4.17
RN,474,19.3,10.76,4.15
BA,3256,19.3,14.04,3.93
PE,1593,18.4,10.8,4.08
MT,886,18.1,6.77,4.15
TO,274,17.7,12.77,4.15
ES,1995,15.8,12.23,4.08
MS,701,15.6,11.55,4.16
GO,1957,15.6,8.18,4.1
RS,5344,15.3,7.15,4.19
RJ,12353,15.3,13.47,3.96
SC,3547,15.0,9.75,4.13
DF,2080,13.0,7.07,4.13
PR,4923,12.0,5.0,4.24
MG,11355,12.0,5.62,4.19
SP,40495,8.8,5.89,4.25
