order_month,orders,revenue,avg_order_value,mom_growth_pct,running_revenue
2016-09,1,134.97,134.97,,134.97
2016-10,265,40325.11,152.17,29777.09,40460.08
2016-12,1,10.90,10.90,-99.97,40470.98
2017-01,750,111798.36,149.06,1025573.03,152269.34
2017-02,1653,234223.40,141.70,109.51,386492.74
2017-03,2546,359198.85,141.08,53.36,745691.59
2017-04,2303,340669.68,147.92,-5.16,1086361.27
2017-05,3546,489338.25,138.00,43.64,1575699.52
2017-06,3135,421923.37,134.58,-13.78,1997622.89
2017-07,3872,481604.52,124.38,14.15,2479227.41
2017-08,4193,554699.70,132.29,15.18,3033927.11
2017-09,4150,607399.67,146.36,9.50,3641326.78
2017-10,4478,648247.65,144.76,6.73,4289574.43
2017-11,7289,987765.37,135.51,52.37,5277339.80
2017-12,5513,726033.19,131.69,-26.50,6003372.99
2018-01,7069,924645.00,130.80,27.36,6928017.99
2018-02,6555,826437.13,126.08,-10.62,7754455.12
2018-03,7003,953356.25,136.14,15.36,8707811.37
2018-04,6798,973534.09,143.21,2.12,9681345.46
2018-05,6749,977544.69,144.84,0.41,10658890.15
2018-06,6099,856077.86,140.36,-12.43,11514968.01
2018-07,6159,867953.46,140.92,1.39,12382921.47
2018-08,6351,838576.64,132.04,-3.38,13221498.11
