customer_state,customers,orders,revenue,avg_order_value,avg_freight_per_item
SP,39156,40501,5067633.16,125.12,15.12
RJ,11917,12350,1759651.13,142.48,20.91
MG,11001,11354,1552481.83,136.73,20.63
RS,5168,5345,728897.47,136.37,21.61
PR,4769,4923,666063.51,135.30,20.47
SC,3449,3546,507012.13,142.98,21.51
BA,3158,3256,493584.14,151.59,26.49
DF,2019,2080,296498.41,142.55,21.07
GO,1895,1957,282836.70,144.53,22.56
ES,1928,1995,268643.45,134.66,22.03
PE,1551,1593,251889.49,158.12,32.69
CE,1258,1279,219757.38,171.82,32.73
PA,922,946,174470.59,184.43,35.63
MT,856,886,152191.62,171.77,28.00
MA,700,717,117009.38,163.19,38.49
MS,681,701,115429.97,164.66,23.35
PB,504,517,112586.82,217.77,43.09
PI,464,476,84721.00,177.99,39.12
RN,464,474,82105.66,173.22,35.72
AL,387,397,78855.72,198.63,35.87
SE,329,335,56574.19,168.88,36.57
TO,267,274,48402.51,176.65,37.44
RO,231,243,45682.76,187.99,41.33
AM,140,145,22155.84,152.80,33.31
AC,76,80,15930.97,199.14,40.05
AP,66,67,13374.81,199.62,34.16
RR,40,41,7057.47,172.13,43.09
