customer_state,category_rank,category,revenue
AC,1,sports_leisure,1677.46
AC,2,watches_gifts,1389.60
AC,3,health_beauty,1386.58
AL,1,health_beauty,12681.26
AL,2,watches_gifts,11605.02
AL,3,computers_accessories,7605.61
AM,1,health_beauty,2776.03
AM,2,garden_tools,1980.88
AM,3,computers_accessories,1815.74
AP,1,computers_accessories,2050.03
AP,2,watches_gifts,1639.80
AP,3,computers,1437.00
BA,1,health_beauty,49955.12
BA,2,watches_gifts,45631.52
BA,3,sports_leisure,37010.06
CE,1,health_beauty,31544.50
CE,2,watches_gifts,29025.35
CE,3,cool_stuff,12005.41
DF,1,watches_gifts,32292.27
DF,2,health_beauty,29542.82
DF,3,computers_accessories,23853.44
ES,1,watches_gifts,28074.00
ES,2,bed_bath_table,22589.65
ES,3,sports_leisure,20086.20
GO,1,watches_gifts,31486.93
GO,2,health_beauty,27971.30
GO,3,bed_bath_table,22285.61
MA,1,health_beauty,12668.28
MA,2,computers_accessories,12152.83
MA,3,watches_gifts,9712.99
MG,1,health_beauty,154324.15
MG,2,bed_bath_table,128760.49
MG,3,watches_gifts,121622.03
MS,1,health_beauty,11231.58
MS,2,housewares,10861.74
MS,3,computers_accessories,9738.80
MT,1,health_beauty,15241.80
MT,2,watches_gifts,15006.91
MT,3,auto,10087.42
PA,1,health_beauty,23545.84
PA,2,watches_gifts,21635.82
PA,3,sports_leisure,12298.65
PB,1,health_beauty,15692.08
PB,2,watches_gifts,13102.98
PB,3,computers_accessories,7195.08
PE,1,health_beauty,40685.01
PE,2,watches_gifts,30894.88
PE,3,sports_leisure,18245.51
PI,1,health_beauty,10205.20
PI,2,auto,10017.38
PI,3,watches_gifts,7736.18
PR,1,sports_leisure,57653.30
PR,2,watches_gifts,57287.20
PR,3,health_beauty,53730.23
RJ,1,watches_gifts,174895.01
RJ,2,bed_bath_table,144251.79
RJ,3,health_beauty,140236.35
RN,1,health_beauty,13728.98
RN,2,watches_gifts,10052.42
RN,3,telephony,5303.29
RO,1,health_beauty,7085.76
RO,2,watches_gifts,4428.27
RO,3,sports_leisure,3212.88
RR,1,sports_leisure,1350.60
RR,2,home_appliances,954.18
RR,3,baby,949.90
RS,1,bed_bath_table,60040.95
RS,2,furniture_decor,53774.90
RS,3,computers_accessories,52380.04
SC,1,sports_leisure,41579.03
SC,2,health_beauty,39260.73
SC,3,computers_accessories,36058.43
SE,1,health_beauty,8396.67
SE,2,cool_stuff,5686.67
SE,3,furniture_decor,4231.39
SP,1,bed_bath_table,472238.07
SP,2,health_beauty,453916.48
SP,3,watches_gifts,421546.60
TO,1,sports_leisure,5144.32
TO,2,watches_gifts,4920.89
TO,3,health_beauty,4798.99
